Subreddit,Comment Score
fitnesscirclejerk,100
nononono,101
AirForce,101
rickandmorty,102
RandomActsOfTf2,102
RandomActsOfBlowJob,102
MonsterHunter,102
giantbomb,102
Polistan,103
Gaming4Gamers,104
topnotchshitposting,104
thewalkingdead,105
collapse,106
circlebroke2,106
raleigh,107
rickygervais,108
listentothis,110
TiADiscussion,110
MegaManlounge,111
wisconsin,112
IslamUnveiled,112
popping,114
Welding,114
Harmontown,116
CoonTownMotors,117
instant_regret,118
toosoon,118
Caitlyn87,120
zombies,120
wincest,120
Leduc,120
nsfwcosplay,120
AsianCutieRii,120
smallbusiness,120
minnesota,121
wiiu,121
vancouver,121
HBD,121
Norway,121
Apefrica,122
BannedFrom4chan,122
cosplaygirls,122
france,122
BuyItForLife,122
vintageads,122
WildStar,123
Broward,123
touhou,123
goats,123
beertrade,123
csgolounge,124
kratom,125
ProRevenge,125
TankPorn,125
Meditation,125
scifi,126
AmISexy,126
Piracy,126
Ingress,128
Parenting,129
Idaho,129
nvidia,129
steroids,130
iOSthemes,130
sixwordstories,130
trailers,130
racewarpreppers,130
fights,130
Filmmakers,130
illusionporn,130
perfectloops,131
farcry,131
keto,131
racism,132
me_irl,132
DragonAgeCoOp,133
Assistance,134
nintendo,134
rule34,135
startrek,135
starbound,135
pettyrevenge,136
Amateur,136
dating_advice,136
minecraftsuggestions,137
COTreeGifting,138
civ,138
blackops3,139
redditgetsdrawn,139
southafrica,140
aphextwin,144
DeepIntoYouTube,145
bullcity,145
millionairemakers,147
awwwtf,147
pcgaming,149
askscience,150
pokemonzetaomicron,150
gonewildcurvy,151
MakeupAddiction,152
grammar,152
ideasfortheadmins,152
soccerstreams,153
Military,154
Entrepreneur,154
whitebeauty,155
winnipegjets,155
friendsafari,157
celebnsfw,159
polfacts,159
TaylorSwift,160
TheGoyimKnow,160
gadgets,161
Iowa,162
delusionalartists,162
RapingWomen,164
creepyPMs,167
facepalm,169
postcards,170
titlegore,170
anonymous,170
gonecivil,170
UncensoredGamingNews,170
shitpost,170
h1z1,170
passtheparagraph,170
Unashamed,170
doppelbangher,170
USBlackCulture,171
Austin,171
againstcoontown,172
White_Pride,172
comicbooks,172
running,172
fightporn,172
offmychest,173
Cooking,174
fantasyfootball,174
csgobetting,175
HistoryPorn,176
syriancivilwar,176
badhistory,177
EarthPorn,178
EdmontonGoneWild,180
gwpublic,180
Ben_Garrison,182
RaceWarPrepping,184
japan,185
shitleftists_say,185
projectzomboid,187
HIMYM,187
apple,187
teenapers,190
IncestPorn,190
badMovies,190
photoshopbattles,190
WeirdWheels,190
wigglegrams,190
AncientCoins,190
HybridAnimals,190
RacistNiggers,190
AlienBlue,192
muhdick,193
startups,194
picrequests,195
shibe,195
SuperShibe,195
niggerhistorymonth,195
eCards,195
killthosewhodisagree,196
Boxing,198
badtattoos,198
travel,201
philosophy,201
ChoosingBeggars,203
classic4chan,204
YouShouldKnow,204
ReefTank,204
RedditTrophies,205
nl_Kripparrian,205
galaxynote4,205
EditingAndLayout,205
spam,205
ShadowBan,206
NSFW_GIF,206
coaxedintoasnafu,210
triangle,210
amateurcumsluts,210
niceguys,211
Frugal,212
UnexpectedThugLife,212
CrappyDesign,215
Frisson,216
Guildwars2,217
3Dmodeling,217
opieandanthony,222
WatchItForThePlot,223
Whatcouldgowrong,225
childfree,227
unitedkingdom,227
reddithate,228
incest,230
marvelstudios,233
wowthissubexists,233
Unexpected,236
homemadexxx,237
InternetIsBeautiful,237
FanTheories,238
interestingasfuck,238
tipofmypenis,238
Porn_Plots,240
worldcup,244
Sonsofanarchy,244
lordoftherings,244
beercirclejerk,244
beatles,244
Diablo3Wizards,244
tappedout,244
Foodforthought,246
SkincareAddiction,246
april30th2015,248
ChivalryGame,248
GameDeals,249
GTAV,250
archeage,254
thebutton,256
hiphopheads,258
breakingbadcomics,260
facebookwins,262
Anarchism,268
WhiteNationalism,268
ottawa,273
PoliticalDiscussion,274
Aquariums,277
gaybros,278
mountandblade,286
washingtondc,286
LightNovels,289
GamePhysics,292
ffxiv,294
ANormalDayInRussia,294
PissBeUponHim,295
Art,296
redditrequest,297
montageparodies,301
AllThingsTerran,305
JoeRogan,305
fatpeoplestories,309
linux,309
PokemonPlaza,309
Buddhism,310
guns,310
rant,312
Steam,313
AgainstHateSubreddits,314
JenniferLawrence,320
Android,322
teslore,322
korea,323
confessions,325
Eminem,325
nyc,327
Epilepsy,330
Gloryholes,330
WouldTotallyFuck,330
Atlanta,333
Bad_Cop_No_Donut,336
exoticspotting,340
ads,340
WastedGifs,340
terriblefacebookmemes,341
AskWomen,343
youdontsurf,344
anime,346
TrueReddit,348
Billings,348
justneckbeardthings,354
battlefield_4,355
EliteDangerous,357
pokemonconspiracies,360
PublicFlashing,360
HumanPorn,363
darksouls,364
Metal,365
killingfloor,366
hearthstone,368
pocketsand,369
sailing,369
Kikpals,369
bodyweightfitness,369
genetics,369
askseddit,369
StickDoctor,369
shittyaskscience,370
clevelandcavs,373
fullmoviesonyoutube,373
buildapc,375
CrusaderKings,377
CitiesSkylines,378
business,378
GasTheSnoo,378
NiggersGIFs,380
mildyinteresting,380
NewsOfTheStupid,380
NiggerCartoons,380
math,382
baseball,389
opiates,399
ForeverAlone,400
WhitesWinFights,402
CityPorn,405
RedditKnightsRCS,405
Christianity,408
changelog,410
TrayvonMartin,410
Lexus,410
hawks,415
NetflixBestOf,417
KingOfTheHill,420
chimpmusic,422
comics,425
hardware,425
Calgary,425
amiugly,428
FaithInHumanity,431
stupidggcomments,431
SRSGaming,431
GirlGamers,432
awwschwitz,435
TalesofPrivilege,439
DarkNetMarkets,439
FiftyFifty,440
thinkpad,440
SRSFeminism,441
lifehacks,444
DestructiveReaders,450
electronic_cigarette,455
radiohead,468
TheSimpsons,468
Rateme,469
Celebs,481
jailbreak,481
AMA,483
self,484
HailCorporate,488
NSFWFunny,495
SHHHHHEEEEEEEEIIIITT,502
books,509
gtavcustoms,510
futurama,510
battlecats,510
AnimalsBeingJerks,513
NoStupidQuestions,515
imaginarymaps,519
fffffffuuuuuuuuuuuu,521
notinteresting,523
CrazyIdeas,523
bloodborne,523
TheBluePill,526
DFO,530
AskHistorians,531
CraftBeer,533
Ellenpaohate,534
oddlysatisfying,537
skyrim,541
CandidFashionPolice,546
buildapcsales,546
philadelphia,547
fivenightsatfreddys,550
LearnJapanese,560
MorbidReality,562
GrandTheftAutoV_PC,566
nsfw,569
worstof,570
Punny,570
ThisCrazyBitch,570
Images,570
asktrp,571
JonTron,572
AskRedditAfterDark,573
Tinder,574
MURICA,576
GlobalOffensiveTrade,577
blog,578
PurplePillDebate,580
playrust,582
Pokemongiveaway,585
Terraria,588
trashy,589
xboxone,597
shittyadvice,602
MilitaryPorn,609
Ameristralia,610
pussypassdenied,612
CoonClinic,615
BMW,618
Drugs,627
undelete,629
holdthemoan,631
nba,636
DestinyTheGame,646
worldpolitics,647
LearnEbonics,649
Dexter,650
Conservative,662
N1GGERS,668
woahdude,669
DIY,687
promos,689
gentlemanboners,701
legaladvice,703
MMA,715
photoplunder,721
AgainstTheChimpire,723
8chan,727
beerporn,736
drunk,736
confederategirls,737
ActLikeYouBelong,738
Rowing,738
GymMemes,738
MuayThai,738
beer,741
OnOff,745
southpark,746
quityourbullshit,748
standupshots,754
personalfinance,755
aspergers,756
photography,757
batman,761
Blackout2015,770
QuotesPorn,772
punchablefaces,776
mildlyinfuriating,777
gamingsuggestions,780
space,786
howtonotgiveafuck,803
RateMyNudeBody,810
history,828
Futurology,829
CannabisExtracts,830
confession,835
relationships,846
asoiaf,847
exmuslim,853
WhiteSmite,854
niggersstories,854
uglyduckling,857
reactiongifs,863
SRSMen,867
StarWars,869
SuicideWatch,872
Israel,877
DotA2,887
RealGirls,889
iphone,891
BlackCrime,909
soccer,916
UpliftingNews,926
CombatFootage,932
bestof,933
Zappa,950
2007scape,952
Morrowind,960
xray,969
calvinandhobbes,982
Bitcoin,984
RedPillWomen,1003
SquaredCircle,1010
carporn,1013
OldSchoolCool,1013
progresspics,1033
TopMindsOfReddit,1035
LifeProTips,1036
sports,1042
medicine,1062
OutOfTheLoop,1067
bestofworldstar,1079
dogpictures,1098
tipofmytongue,1098
shittyfoodporn,1103
EDM,1107
Documentaries,1114
trees,1120
Turkey,1120
weightroom,1120
polandball,1129
microgrowery,1131
WatchNiggersDie,1137
atheism,1187
reddevils,1188
SFWPornGifs,1190
bodybuilding,1198
PublicFreakout,1206
creepy,1208
misleadingthumbnails,1220
oregon,1220
cars,1221
NoFap,1226
Games,1248
ShouldIbuythisgame,1259
girlsinyogapants,1263
Jokes,1272
writing,1287
Screenwriting,1300
sex,1317
niggerspics,1321
sjsucks,1350
GreatAbos,1368
COents,1380
Hatepire,1381
firstworldanarchists,1411
vzla,1413
ClashOfClans,1419
Fallout,1447
television,1464
holocaust,1468
chicago,1474
TeenMFA,1476
UkrainianConflict,1476
greece,1476
science,1520
Shitty_Car_Mods,1530
GripTraining,1536
gamegrumps,1551
gonewild,1671
CigarMarket,1681
MensRights,1714
ragecomics,1724
ViridianCartography,1724
WritingPrompts,1725
russia,1728
ferguson,1735
canada,1739
ainbow,1743
Music,1751
AskMen,1767
DarkSouls2,1779
circlebroke,1790
food,1792
csshelp,1845
CollegeBasketball,1853
minnesotavikings,1856
HaloOnline,1861
hockey,1874
casualiama,1880
premed,1888
politics,1899
fatlogic,1914
BlackPeopleTwitter,1923
SubredditDrama,1932
ducks,1952
DarkEnlightenment,2025
NationalSocialism,2031
MapPorn,2075
Seattle,2113
CringeAnarchy,2147
ProtectAndServe,2158
LiberalDegeneracy,2164
toronto,2179
ukpolitics,2182
AgainstGamerGate,2207
Sneakers,2225
mildlyinteresting,2282
sjwhate,2289
pokemon,2291
rage,2332
GetMotivated,2418
gameofthrones,2482
eagles,2564
lewronggeneration,2610
Edmonton,2610
pcmasterrace,2632
circlejerk,2633
SwedenYes,2668
PS4,2895
subredditcancer,2953
watchpeopledie,3042
ShinyPokemon,3082
cringe,3164
StreetFights,3220
no_sob_story,3230
MGTOW,3291
conspiracy,3311
newjersey,3340
malefashionadvice,3380
niggervideos,3406
wow,3650
short,3690
aww,3719
tall,3895
Showerthoughts,3953
baltimore,3954
bigdickproblems,4059
explainlikeimfive,4244
nottheonion,4309
GamerGhazi,4321
TwoXChromosomes,4652
ShitRedditSays,4705
tifu,4829
SlutJustice,4841
Minecraft,5012
dataisbeautiful,5015
Fitness,5095
europe,5216
SRSsucks,5472
changemyview,5725
gifs,5975
technology,6018
GlobalOffensive,6115
DebateFascism,6474
Civcraft,6510
JusticePorn,6842
thatHappened,6859
cringepics,7130
BestOfOutrageCulture,7507
starcraft,7775
movies,8411
seduction,8471
GasTheKikes,8660
teenagers,9237
pathofexile,9383
Frat,9724
TheRedPill,11290
ireland,11735
leagueoflegends,11812
WTF,11908
breakingbad,12642
4chan,14324
ImGoingToHellForThis,15184
KotakuInAction,16537
nfl,17203
todayilearned,18224
IAmA,22648
news,24769
european,25751
CFB,26534
cigars,27079
WhiteRights,27950
AdviceAnimals,28713
pics,28909
videos,29120
worldnews,31047
GreatApes,31682
GrandTheftAutoV,35174
funny,39279
gaming,42550
announcements,45421
lacrosse,53874
TumblrInAction,65820
AskReddit,66070
AntiPOZi,77192
highseddit,156825
CoonTown,1234463
