Subreddit,Submission Karma
Marvel_Daredevil,100
amiugly,100
cats,100
NationalSocialism,100
Rainmeter,100
MoltenWoW,101
shroomers,102
niceguys,102
infinitechan,104
ShitPostingJerk,104
MURICA,107
StoriesBehindSongs,107
bigdickproblems,107
TheGlare,108
Punny,109
KingdomHearts,109
progressive,109
ReBoot,110
teslore,110
Tinder,111
dadjokes,112
bleach,112
lerightgeneration,112
confession,112
mac,114
oregon,115
starcraft,116
YouShouldKnow,117
startrek,118
OnceUponATime,119
serialkillers,119
yiff,121
FearMe,121
Watches,122
90sdesign,125
april30th2015,128
USBlackCulture,128
LatvianJokes,129
gamingpc,129
Trophies,131
SquaredCircle,131
Homebrewing,131
DarkEnlightenment,132
MorbidReality,133
InsaneCringePosse,134
spiderbro,135
N1GGERS,136
HaloOnline,136
RealGirls,137
GetMotivated,137
Showerthoughts,138
tall,138
memphis,138
mildlyinfuriating,141
teenagers,141
nvidia,145
flying,146
badcode,146
SwedenYes,147
BigBrother,148
femalefashionadvice,150
NewsOfTheWeird,151
watchpeopledie,151
DarkAngels,151
no_sob_story,152
AdviceAtheists,155
HamplanetHorror,155
SubredditDrama,157
megafaces,158
sjsucks,163
Faces,168
sjwhate,172
breakingbad,177
RiotFreeLoL,178
ChoosingBeggars,181
classic4chan,183
buildapc,183
ragenovels,184
ToolBand,185
neopets,185
Hunting,187
ClashOfClans,187
AdiposeAmigos,188
GuessThatGender,189
blackpeoplegifs,189
Atlanta,193
BlackPeopleTwitter,195
NewsOfTheStupid,195
philadelphia,195
darksouls,196
Unorthodog,198
ANormalDayInRussia,202
shrooms,202
tifu,205
CrappyDesign,207
Documentaries,209
QuotesPorn,210
raisedbynarcissists,211
truegaming,211
PoliticalDiscussion,212
Tallahassee,214
Morrowind,221
korea,222
redditrequest,223
rage,227
PS4,231
TheGoyimKnow,235
PissBeUponHim,238
Jokes,238
PaoYongYang,239
homemadexxx,245
natureismetal,249
MilitaryPorn,250
PokePorn,250
dogswearinghats,254
minecraftsuggestions,256
chronotrigger,257
SuicideWatch,262
fffffffuuuuuuuuuuuu,270
drunk,278
Sneakers,278
psychology,283
Bitcoin,284
battlefield_4,285
netflix,286
linux,290
oddlysatisfying,302
killthosewhodisagree,309
Fitness,312
Eve,313
FanTheories,328
subredditcancer,330
gawker,333
shittyreactiongifs,334
introvert,334
hiphopheads,335
daddit,337
civ,337
polfacts,361
TheRedPill,363
uglyduckling,365
greentext,370
4chan,384
justneckbeardthings,386
OutOfTheLoop,388
consolemasterrace,399
punchablefaces,400
reddit.com,409
bestofworldstar,411
DarwinAwards,425
BMW,427
entertainment,462
roosterteeth,470
AdrenalinePorn,476
CringeAnarchy,478
badtattoos,485
quotes,489
drawmuhammad,497
southpark,513
thatHappened,515
AmericanHorrorStory,529
mildlyinteresting,532
MensRights,543
progresspics,553
ShinyPokemon,566
happy,569
gravityfalls,583
pokemon,602
GrandTheftAutoV,613
Frisson,621
PrettyGirls,628
fatpeoplestories,629
pcgaming,630
SRSsucks,673
DoesAnybodyElse,678
AskHistorians,697
lacrosse,706
polandball,713
Cooking,719
windowsphone,725
carporn,745
FloridaMan,766
playrust,781
SHHHHHEEEEEEEEIIIITT,804
im14andthisisdeep,813
PenmanshipPorn,831
hardware,841
Conservative,847
Aquariums,856
european,878
lolcats,895
LSD,898
wow,915
ForeverAlone,944
ExpectationVsReality,980
Libertarian,1037
highseddit,1072
UpliftingNews,1088
LiberalDegeneracy,1158
stevenuniverse,1166
ForeverAloneComics,1197
gentlemanboners,1345
AskReddit,1441
GasTheKikes,1708
GifSound,1711
atheism,1804
cigars,1816
fatlogic,1839
pics,1938
AntiPOZi,2246
FoodPorn,2256
facebookwins,2281
TumblrInAction,2285
news,2365
IAmA,2611
politics,2696
pcmasterrace,2703
worldnews,2733
circlejerk,2756
trees,2816
skyrim,2830
videos,3082
dogpictures,3549
DotA2,3614
cringepics,3979
cringe,4263
WhiteRights,4621
Music,4703
AdviceAnimals,4799
todayilearned,5781
Bad_Cop_No_Donut,5899
gaming,6858
Minecraft,9030
creepy,9136
GreatApes,10527
ImGoingToHellForThis,10814
WTF,11797
funny,13330
aww,13523
conspiracy,17620
KotakuInAction,67271
CoonTown,158358
